Index,Character,Level
0,爱,1
1,好,1
2,八,1
3,爸,1
4,吧,1
5,白,1
6,形,1
7,天,1
8,百,1
9,班,1
10,半,1
11,年,1
12,帮,1
13,忙,1
14,包,1
15,子,1
16,杯,1
17,北,1
18,边,1
19,京,1
20,本,1
21,量,1
22,比,1
23,别,1
24,副,1
25,的,1
26,人,1
27,病,1
28,不,1
29,大,1
30,对,1
31,客,1
32,气,1
33,用,1
34,菜,1
35,茶,1
36,差,1
37,常,1
38,唱,1
39,歌,1
40,车,1
41,票,1
42,上,1
43,站,1
44,吃,1
45,饭,1
46,出,1
47,来,1
48,去,1
49,穿,1
50,床,1
51,次,1
52,从,1
53,错,1
54,打,1
55,动,1
56,电,1
57,话,1
58,开,1
59,球,1
60,学,1
61,生,1
62,到,1
63,得,1
64,地,1
65,等,1
66,点,1
67,方,1
68,图,1
69,弟,1
70,第,1
71,二,1
72,脑,1
73,视,1
74,机,1
75,影,1
76,院,1
77,东,1
78,西,1
79,作,1
80,都,1
81,读,1
82,书,1
83,起,1
84,多,1
85,代,1
86,少,1
87,饿,1
88,儿,1
89,店,1
90,房,1
91,间,1
92,放,1
93,假,1
94,飞,1
95,非,1
96,分,1
97,名,1
98,风,1
99,干,1
100,净,1
101,什,1
102,么,1
103,高,1
104,兴,1
105,告,1
106,诉,1
107,哥,1
108,个,1
109,给,1
110,跟,1
111,工,1
112,关,1
113,贵,1
114,国,1
115,家,1
116,外,1
117,过,1
118,还,1
119,是,1
120,有,1
121,孩,1
122,汉,1
123,语,1
124,字,1
125,看,1
126,听,1
127,玩,1
128,号,1
129,喝,1
130,和,1
131,很,1
132,后,1
133,花,1
134,坏,1
135,回,1
136,答,1
137,会,1
138,火,1
139,场,1
140,鸡,1
141,蛋,1
142,几,1
143,记,1
144,住,1
145,里,1
146,见,1
147,面,1
148,教,1
149,叫,1
150,楼,1
151,姐,1
152,介,1
153,绍,1
154,今,1
155,进,1
156,九,1
157,就,1
158,觉,1
159,笑,1
160,考,1
161,试,1
162,渴,1
163,课,1
164,文,1
165,口,1
166,块,1
167,快,1
168,老,1
169,师,1
170,了,1
171,累,1
172,冷,1
173,两,1
174,数,1
175,零,1
176,六,1
177,下,1
178,路,1
179,妈,1
180,马,1
181,吗,1
182,买,1
183,慢,1
184,毛,1
185,没,1
186,系,1
187,事,1
188,妹,1
189,门,1
190,们,1
191,朋,1
192,友,1
193,米,1
194,条,1
195,明,1
196,拿,1
197,哪,1
198,些,1
199,那,1
200,奶,1
201,男,1
202,南,1
203,难,1
204,呢,1
205,能,1
206,你,1
207,您,1
208,牛,1
209,女,1
210,旁,1
211,跑,1
212,七,1
213,汽,1
214,前,1
215,钱,1
216,请,1
217,问,1
218,坐,1
219,热,1
220,认,1
221,识,1
222,真,1
223,日,1
224,期,1
225,肉,1
226,三,1
227,山,1
228,商,1
229,网,1
230,午,1
231,谁,1
232,身,1
233,体,1
234,十,1
235,时,1
236,候,1
237,手,1
238,树,1
239,水,1
240,果,1
241,睡,1
242,说,1
243,四,1
244,送,1
245,岁,1
246,他,1
247,她,1
248,太,1
249,写,1
250,同,1
251,馆,1
252,晚,1
253,忘,1
254,我,1
255,五,1
256,洗,1
257,喜,1
258,欢,1
259,雨,1
260,先,1
261,现,1
262,在,1
263,想,1
264,小,1
265,谢,1
266,新,1
267,星,1
268,行,1
269,休,1
270,息,1
271,习,1
272,校,1
273,要,1
274,爷,1
275,也,1
276,页,1
277,一,1
278,衣,1
279,服,1
280,医,1
281,样,1
282,右,1
283,元,1
284,远,1
285,月,1
286,再,1
287,早,1
288,怎,1
289,找,1
290,这,1
291,着,1
292,正,1
293,知,1
294,道,1
295,中,1
296,重,1
297,准,1
298,备,1
299,桌,1
300,走,1
301,最,1
302,昨,1
303,左,1
304,做,1
305,啊,2
306,爱,2
307,情,2
308,人,2
309,安,2
310,静,2
311,全,2
312,白,2
313,色,2
314,班,2
315,长,2
316,办,2
317,法,2
318,公,2
319,室,2
320,半,2
321,夜,2
322,帮,2
323,助,2
324,饱,2
325,报,2
326,名,2
327,纸,2
328,北,2
329,方,2
330,背,2
331,动,2
332,比,2
333,如,2
334,说,2
335,笔,2
336,记,2
337,本,2
338,必,2
339,须,2
340,边,2
341,变,2
342,成,2
343,遍,2
344,表,2
345,示,2
346,不,2
347,错,2
348,但,2
349,够,2
350,过,2
351,太,2
352,要,2
353,好,2
354,意,2
355,思,2
356,久,2
357,满,2
358,少,2
359,同,2
360,行,2
361,一,2
362,定,2
363,会,2
364,儿,2
365,部,2
366,分,2
367,才,2
368,副,2
369,菜,2
370,单,2
371,参,2
372,观,2
373,加,2
374,草,2
375,地,2
376,层,2
377,查,2
378,差,2
379,多,2
380,常,2
381,见,2
382,用,2
383,场,2
384,超,2
385,市,2
386,车,2
387,辆,2
388,称,2
389,绩,2
390,为,2
391,重,2
392,复,2
393,新,2
394,出,2
395,发,2
396,国,2
397,口,2
398,门,2
399,生,2
400,现,2
401,院,2
402,租,2
403,船,2
404,吹,2
405,春,2
406,节,2
407,天,2
408,词,2
409,典,2
410,语,2
411,从,2
412,小,2
413,答,2
414,应,2
415,打,2
416,工,2
417,算,2
418,印,2
419,大,2
420,数,2
421,海,2
422,家,2
423,量,2
424,声,2
425,衣,2
426,自,2
427,然,2
428,带,2
429,来,2
430,位,2
431,是,2
432,蛋,2
433,当,2
434,时,2
435,倒,2
436,到,2
437,处,2
438,道,2
439,理,2
440,路,2
441,得,2
442,的,2
443,话,2
444,灯,2
445,等,2
446,于,2
447,低,2
448,球,2
449,铁,2
450,站,2
451,点,2
452,头,2
453,店,2
454,掉,2
455,东,2
456,南,2
457,冬,2
458,懂,2
459,物,2
460,园,2
461,读,2
462,音,2
463,度,2
464,短,2
465,信,2
466,段,2
467,队,2
468,对,2
469,介,2
470,面,2
471,么,2
472,云,2
473,而,2
474,且,2
475,饭,2
476,馆,2
477,便,2
478,向,2
479,放,2
480,下,2
481,心,2
482,开,2
483,钟,2
484,份,2
485,封,2
486,服,2
487,务,2
488,习,2
489,该,2
490,改,2
491,干,2
492,杯,2
493,感,2
494,觉,2
495,谢,2
496,活,2
497,刚,2
498,高,2
499,级,2
500,中,2
501,个,2
502,子,2
503,更,2
504,共,2
505,汽,2
506,交,2
507,斤,2
508,里,2
509,平,2
510,司,2
511,狗,2
512,故,2
513,事,2
514,顾,2
515,客,2
516,关,2
517,机,2
518,广,2
519,告,2
520,际,2
521,年,2
522,去,2
523,喊,2
524,像,2
525,合,2
526,适,2
527,河,2
528,黑,2
529,板,2
530,红,2
531,后,2
532,忽,2
533,湖,2
534,护,2
535,照,2
536,花,2
537,画,2
538,坏,2
539,欢,2
540,迎,2
541,换,2
542,黄,2
543,回,2
544,或,2
545,者,2
546,鸡,2
547,急,2
548,计,2
549,划,2
550,油,2
551,科,2
552,学,2
553,庭,2
554,假,2
555,期,2
556,检,2
557,件,2
558,健,2
559,康,2
560,讲,2
561,给,2
562,朋,2
563,友,2
564,通,2
565,角,2
566,饺,2
567,脚,2
568,叫,2
569,作,2
570,教,2
571,师,2
572,育,2
573,接,2
574,受,2
575,着,2
576,街,2
577,目,2
578,日,2
579,结,2
580,果,2
581,借,2
582,今,2
583,进,2
584,入,2
585,近,2
586,经,2
587,酒,2
588,就,2
589,举,2
590,手,2
591,句,2
592,卡,2
593,看,2
594,考,2
595,靠,2
596,可,2
597,能,2
598,怕,2
599,以,2
600,克,2
601,刻,2
602,课,2
603,堂,2
604,空,2
605,气,2
606,哭,2
607,快,2
608,餐,2
609,乐,2
610,筷,2
611,拉,2
612,蓝,2
613,篮,2
614,老,2
615,王,2
616,离,2
617,礼,2
618,想,2
619,例,2
620,脸,2
621,练,2
622,凉,2
623,两,2
624,亮,2
625,零,2
626,留,2
627,流,2
628,利,2
629,旅,2
630,游,2
631,绿,2
632,卖,2
633,猫,2
634,米,2
635,前,2
636,明,2
637,星,2
638,拿,2
639,那,2
640,连,2
641,候,2
642,样,2
643,难,2
644,题,2
645,听,2
646,轻,2
647,鸟,2
648,弄,2
649,努,2
650,力,2
651,爬,2
652,山,2
653,排,2
654,碰,2
655,篇,2
656,宜,2
657,片,2
658,漂,2
659,瓶,2
660,普,2
661,其,2
662,他,2
663,骑,2
664,起,2
665,飞,2
666,温,2
667,千,2
668,墙,2
669,青,2
670,清,2
671,楚,2
672,晴,2
673,请,2
674,求,2
675,秋,2
676,鞋,2
677,取,2
678,身,2
679,体,2
680,让,2
681,热,2
682,们,2
683,认,2
684,商,2
685,上,2
686,周,2
687,什,2
688,省,2
689,十,2
690,实,2
691,在,2
692,食,2
693,使,2
694,收,2
695,舒,2
696,熟,2
697,字,2
698,水,2
699,顺,2
700,送,2
701,虽,2
702,随,2
703,所,2
704,有,2
705,它,2
706,阳,2
707,态,2
708,讨,2
709,论,2
710,套,2
711,特,2
712,别,2
713,疼,2
714,提,2
715,条,2
716,停,2
717,挺,2
718,知,2
719,图,2
720,推,2
721,腿,2
722,外,2
723,完,2
724,晚,2
725,碗,2
726,万,2
727,网,2
728,往,2
729,味,2
730,喂,2
731,叹,2
732,闻,2
733,问,2
734,午,2
735,睡,2
736,西,2
737,医,2
738,惯,2
739,洗,2
740,澡,2
741,雪,2
742,夏,2
743,相,2
744,响,2
745,组,2
746,校,2
747,笑,2
748,号,2
749,息,2
750,姓,2
751,休,2
752,许,2
753,选,2
754,颜,2
755,眼,2
756,睛,2
757,养,2
758,药,2
759,也,2
760,风,2
761,已,2
762,椅,2
763,般,2
764,直,2
765,亿,2
766,因,2
767,阴,2
768,银,2
769,英,2
770,文,2
771,影,2
772,永,2
773,远,2
774,又,2
775,鱼,2
776,言,2
777,原,2
778,愿,2
779,月,2
780,越,2
781,运,2
782,咱,2
783,脏,2
784,早,2
785,晨,2
786,怎,2
787,占,2
788,住,2
789,找,2
790,这,2
791,真,2
792,正,2
793,确,2
794,只,2
795,视,2
796,末,2
797,主,2
798,房,2
799,装,2
800,准,2
801,己,2
802,由,2
803,走,2
804,嘴,2
805,最,2
806,业,2
807,座,2
808,做,2
809,爱,3
810,心,3
811,安,3
812,排,3
813,装,3
814,按,3
815,照,3
816,把,3
817,介,3
818,量,3
819,握,3
820,白,3
821,副,3
822,菜,3
823,班,3
824,级,3
825,搬,3
826,家,3
827,板,3
828,办,3
829,理,3
830,保,3
831,持,3
832,存,3
833,护,3
834,留,3
835,险,3
836,证,3
837,报,3
838,名,3
839,到,3
840,道,3
841,告,3
842,背,3
843,北,3
844,部,3
845,后,3
846,被,3
847,子,3
848,本,3
849,来,3
850,领,3
851,事,3
852,比,3
853,较,3
854,例,3
855,赛,3
856,必,3
857,然,3
858,要,3
859,变,3
860,化,3
861,为,3
862,标,3
863,题,3
864,准,3
865,表,3
866,达,3
867,格,3
868,面,3
869,明,3
870,现,3
871,演,3
872,并,3
873,连,3
874,且,3
875,播,3
876,出,3
877,放,3
878,不,3
879,断,3
880,论,3
881,补,3
882,充,3
883,得,3
884,光,3
885,仅,3
886,布,3
887,步,3
888,门,3
889,长,3
890,才,3
891,能,3
892,采,3
893,取,3
894,用,3
895,彩,3
896,色,3
897,曾,3
898,经,3
899,产,3
900,生,3
901,城,3
902,处,3
903,期,3
904,厂,3
905,场,3
906,合,3
907,所,3
908,超,3
909,朝,3
910,吵,3
911,架,3
912,衬,3
913,衫,3
914,衣,3
915,称,3
916,成,3
917,功,3
918,果,3
919,就,3
920,立,3
921,熟,3
922,员,3
923,市,3
924,程,3
925,度,3
926,续,3
927,满,3
928,重,3
929,初,3
930,一,3
931,中,3
932,除,3
933,了,3
934,传,3
935,说,3
936,创,3
937,新,3
938,业,3
939,造,3
940,作,3
941,从,3
942,前,3
943,村,3
944,在,3
945,错,3
946,误,3
947,打,3
948,破,3
949,听,3
950,大,3
951,概,3
952,使,3
953,馆,3
954,约,3
955,夫,3
956,代,3
957,团,3
958,带,3
959,动,3
960,单,3
961,元,3
962,当,3
963,地,3
964,刀,3
965,导,3
966,底,3
967,分,3
968,等,3
969,待,3
970,下,3
971,区,3
972,电,3
973,视,3
974,剧,3
975,台,3
976,邮,3
977,件,3
978,调,3
979,查,3
980,订,3
981,定,3
982,东,3
983,力,3
984,人,3
985,读,3
986,者,3
987,短,3
988,裤,3
989,队,3
990,对,3
991,方,3
992,手,3
993,象,3
994,顿,3
995,发,3
996,送,3
997,言,3
998,展,3
999,反,3
1000,复,3
1001,应,3
1002,正,3
1003,范,3
1004,围,3
1005,式,3
1006,防,3
1007,止,3
1008,房,3
1009,屋,3
1010,租,3
1011,访,3
1012,问,3
1013,飞,3
1014,行,3
1015,费,3
1016,别,3
1017,配,3
1018,组,3
1019,丰,3
1020,富,3
1021,风,3
1022,否,3
1023,认,3
1024,服,3
1025,福,3
1026,父,3
1027,母,3
1028,亲,3
1029,付,3
1030,负,3
1031,责,3
1032,印,3
1033,杂,3
1034,改,3
1035,进,3
1036,念,3
1037,赶,3
1038,紧,3
1039,快,3
1040,敢,3
1041,感,3
1042,冒,3
1043,情,3
1044,受,3
1045,干,3
1046,吗,3
1047,高,3
1048,速,3
1049,公,3
1050,路,3
1051,歌,3
1052,迷,3
1053,声,3
1054,个,3
1055,性,3
1056,各,3
1057,位,3
1058,种,3
1059,自,3
1060,根,3
1061,更,3
1062,加,3
1063,工,3
1064,师,3
1065,具,3
1066,资,3
1067,共,3
1068,开,3
1069,民,3
1070,务,3
1071,课,3
1072,同,3
1073,有,3
1074,姑,3
1075,娘,3
1076,古,3
1077,故,3
1078,乡,3
1079,挂,3
1080,关,3
1081,系,3
1082,注,3
1083,观,3
1084,察,3
1085,看,3
1086,众,3
1087,管,3
1088,广,3
1089,规,3
1090,国,3
1091,内,3
1092,庆,3
1093,汁,3
1094,过,3
1095,去,3
1096,哈,3
1097,海,3
1098,害,3
1099,怕,3
1100,好,3
1101,奇,3
1102,法,3
1103,和,3
1104,平,3
1105,红,3
1106,茶,3
1107,酒,3
1108,年,3
1109,互,3
1110,联,3
1111,网,3
1112,相,3
1113,划,3
1114,船,3
1115,华,3
1116,话,3
1117,欢,3
1118,乐,3
1119,环,3
1120,境,3
1121,会,3
1122,议,3
1123,活,3
1124,火,3
1125,机,3
1126,器,3
1127,积,3
1128,极,3
1129,基,3
1130,上,3
1131,础,3
1132,及,3
1133,时,3
1134,集,3
1135,体,3
1136,计,3
1137,算,3
1138,记,3
1139,录,3
1140,纪,3
1141,技,3
1142,术,3
1143,继,3
1144,强,3
1145,属,3
1146,价,3
1147,钱,3
1148,值,3
1149,坚,3
1150,决,3
1151,简,3
1152,直,3
1153,建,3
1154,设,3
1155,将,3
1156,近,3
1157,交,3
1158,警,3
1159,流,3
1160,往,3
1161,易,3
1162,叫,3
1163,教,3
1164,材,3
1165,练,3
1166,结,3
1167,实,3
1168,接,3
1169,节,3
1170,婚,3
1171,束,3
1172,解,3
1173,金,3
1174,牌,3
1175,尽,3
1176,急,3
1177,张,3
1178,京,3
1179,济,3
1180,历,3
1181,验,3
1182,营,3
1183,精,3
1184,神,3
1185,景,3
1186,静,3
1187,久,3
1188,旧,3
1189,救,3
1190,是,3
1191,举,3
1192,据,3
1193,绝,3
1194,咖,3
1195,啡,3
1196,始,3
1197,起,3
1198,考,3
1199,科,3
1200,可,3
1201,靠,3
1202,克,3
1203,客,3
1204,空,3
1205,恐,3
1206,儿,3
1207,困,3
1208,难,3
1209,浪,3
1210,老,3
1211,百,3
1212,姓,3
1213,太,3
1214,头,3
1215,类,3
1216,似,3
1217,离,3
1218,里,3
1219,由,3
1220,刻,3
1221,利,3
1222,忙,3
1223,凉,3
1224,水,3
1225,先,3
1226,另,3
1227,外,3
1228,学,3
1229,龙,3
1230,音,3
1231,线,3
1232,旅,3
1233,社,3
1234,绿,3
1235,乱,3
1236,落,3
1237,麻,3
1238,烦,3
1239,马,3
1240,足,3
1241,慢,3
1242,毛,3
1243,病,3
1244,没,3
1245,媒,3
1246,每,3
1247,美,3
1248,丽,3
1249,食,3
1250,米,3
1251,间,3
1252,族,3
1253,确,3
1254,显,3
1255,命,3
1256,运,3
1257,某,3
1258,木,3
1259,目,3
1260,奶,3
1261,男,3
1262,南,3
1263,容,3
1264,牛,3
1265,农,3
1266,女,3
1267,暖,3
1268,拍,3
1269,派,3
1270,判,3
1271,胖,3
1272,跑,3
1273,批,3
1274,评,3
1275,皮,3
1276,包,3
1277,啤,3
1278,票,3
1279,苹,3
1280,坏,3
1281,普,3
1282,遍,3
1283,齐,3
1284,其,3
1285,次,3
1286,怪,3
1287,气,3
1288,候,3
1289,千,3
1290,万,3
1291,烈,3
1292,桥,3
1293,巧,3
1294,切,3
1295,况,3
1296,请,3
1297,祝,3
1298,球,3
1299,消,3
1300,世,3
1301,全,3
1302,缺,3
1303,点,3
1304,少,3
1305,裙,3
1306,群,3
1307,热,3
1308,币,3
1309,任,3
1310,何,3
1311,仍,3
1312,日,3
1313,常,3
1314,如,3
1315,散,3
1316,沙,3
1317,伤,3
1318,商,3
1319,品,3
1320,升,3
1321,备,3
1322,身,3
1323,份,3
1324,深,3
1325,入,3
1326,形,3
1327,意,3
1328,胜,3
1329,失,3
1330,石,3
1331,油,3
1332,际,3
1333,室,3
1334,终,3
1335,界,3
1336,杯,3
1337,试,3
1338,适,3
1339,收,3
1340,指,3
1341,首,3
1342,都,3
1343,书,3
1344,输,3
1345,于,3
1346,数,3
1347,双,3
1348,思,3
1349,想,3
1350,死,3
1351,随,3
1352,谈,3
1353,汤,3
1354,糖,3
1355,特,3
1356,提,3
1357,天,3
1358,甜,3
1359,整,3
1360,跳,3
1361,舞,3
1362,远,3
1363,铁,3
1364,停,3
1365,通,3
1366,信,3
1367,痛,3
1368,苦,3
1369,脑,3
1370,突,3
1371,图,3
1372,画,3
1373,土,3
1374,推,3
1375,退,3
1376,休,3
1377,文,3
1378,完,3
1379,善,3
1380,玩,3
1381,危,3
1382,伟,3
1383,卫,3
1384,温,3
1385,章,3
1386,字,3
1387,武,3
1388,西,3
1389,希,3
1390,望,3
1391,示,3
1392,香,3
1393,蕉,3
1394,息,3
1395,效,3
1396,写,3
1397,血,3
1398,封,3
1399,李,3
1400,状,3
1401,幸,3
1402,修,3
1403,需,3
1404,求,3
1405,宣,3
1406,选,3
1407,训,3
1408,压,3
1409,烟,3
1410,眼,3
1411,唱,3
1412,羊,3
1413,阳,3
1414,已,3
1415,以,3
1416,艺,3
1417,义,3
1418,因,3
1419,此,3
1420,银,3
1421,迎,3
1422,养,3
1423,赢,3
1424,影,3
1425,优,3
1426,势,3
1427,箱,3
1428,游,3
1429,戏,3
1430,泳,3
1431,的,3
1432,预,3
1433,习,3
1434,愿,3
1435,志,3
1436,早,3
1437,增,3
1438,真,3
1439,争,3
1440,支,3
1441,只,3
1442,职,3
1443,至,3
1444,今,3
1445,制,3
1446,钟,3
1447,周,3
1448,猪,3
1449,主,3
1450,抓,3
1451,住,3
1452,专,3
1453,转,3
1454,态,3
1455,追,3
1456,觉,3
1457,总,3
1458,够,3
1459,左,3
1460,右,3
1461,做,3
1462,阿,4
1463,姨,4
1464,啊,4
1465,矮,4
1466,小,4
1467,爱,4
1468,国,4
1469,护,4
1470,安,4
1471,置,4
1472,按,4
1473,时,4
1474,暗,4
1475,示,4
1476,巴,4
1477,士,4
1478,百,4
1479,货,4
1480,摆,4
1481,动,4
1482,脱,4
1483,败,4
1484,办,4
1485,事,4
1486,包,4
1487,裹,4
1488,含,4
1489,括,4
1490,薄,4
1491,宝,4
1492,贝,4
1493,贵,4
1494,石,4
1495,保,4
1496,密,4
1497,守,4
1498,抱,4
1499,背,4
1500,景,4
1501,倍,4
1502,被,4
1503,迫,4
1504,本,4
1505,科,4
1506,笨,4
1507,比,4
1508,分,4
1509,毕,4
1510,业,4
1511,生,4
1512,避,4
1513,免,4
1514,编,4
1515,辩,4
1516,论,4
1517,标,4
1518,志,4
1519,表,4
1520,情,4
1521,扬,4
1522,别,4
1523,冰,4
1524,箱,4
1525,雪,4
1526,兵,4
1527,并,4
1528,不,4
1529,要,4
1530,紧,4
1531,在,4
1532,乎,4
1533,管,4
1534,然,4
1535,布,4
1536,步,4
1537,行,4
1538,擦,4
1539,才,4
1540,名,4
1541,材,4
1542,料,4
1543,财,4
1544,产,4
1545,富,4
1546,采,4
1547,访,4
1548,参,4
1549,考,4
1550,与,4
1551,操,4
1552,场,4
1553,作,4
1554,测,4
1555,量,4
1556,试,4
1557,曾,4
1558,茶,4
1559,叶,4
1560,品,4
1561,长,4
1562,途,4
1563,常,4
1564,识,4
1565,唱,4
1566,片,4
1567,抄,4
1568,写,4
1569,潮,4
1570,流,4
1571,湿,4
1572,彻,4
1573,底,4
1574,沉,4
1575,默,4
1576,重,4
1577,称,4
1578,赞,4
1579,成,4
1580,人,4
1581,诚,4
1582,实,4
1583,信,4
1584,承,4
1585,担,4
1586,认,4
1587,受,4
1588,程,4
1589,序,4
1590,吃,4
1591,惊,4
1592,迟,4
1593,到,4
1594,尺,4
1595,寸,4
1596,子,4
1597,冲,4
1598,充,4
1599,电,4
1600,器,4
1601,虫,4
1602,抽,4
1603,奖,4
1604,烟,4
1605,出,4
1606,口,4
1607,色,4
1608,售,4
1609,席,4
1610,处,4
1611,于,4
1612,穿,4
1613,上,4
1614,传,4
1615,统,4
1616,窗,4
1617,户,4
1618,台,4
1619,春,4
1620,季,4
1621,纯,4
1622,净,4
1623,水,4
1624,词,4
1625,汇,4
1626,此,4
1627,外,4
1628,次,4
1629,形,4
1630,刺,4
1631,激,4
1632,从,4
1633,粗,4
1634,心,4
1635,促,4
1636,进,4
1637,使,4
1638,销,4
1639,措,4
1640,施,4
1641,打,4
1642,答,4
1643,案,4
1644,雷,4
1645,扫,4
1646,折,4
1647,针,4
1648,大,4
1649,多,4
1650,方,4
1651,哥,4
1652,规,4
1653,模,4
1654,会,4
1655,姐,4
1656,楼,4
1657,陆,4
1658,妈,4
1659,型,4
1660,爷,4
1661,众,4
1662,代,4
1663,替,4
1664,待,4
1665,遇,4
1666,袋,4
1667,戴,4
1668,任,4
1669,单,4
1670,调,4
1671,独,4
1672,淡,4
1673,导,4
1674,游,4
1675,致,4
1676,倒,4
1677,闭,4
1678,车,4
1679,得,4
1680,意,4
1681,灯,4
1682,光,4
1683,登,4
1684,记,4
1685,录,4
1686,山,4
1687,的,4
1688,确,4
1689,敌,4
1690,地,4
1691,面,4
1692,位,4
1693,下,4
1694,址,4
1695,典,4
1696,点,4
1697,梯,4
1698,源,4
1699,顶,4
1700,定,4
1701,冬,4
1702,画,4
1703,摇,4
1704,豆,4
1705,腐,4
1706,立,4
1707,特,4
1708,自,4
1709,堵,4
1710,肚,4
1711,度,4
1712,过,4
1713,锻,4
1714,炼,4
1715,对,4
1716,付,4
1717,年,4
1718,样,4
1719,种,4
1720,恶,4
1721,儿,4
1722,童,4
1723,而,4
1724,是,4
1725,耳,4
1726,机,4
1727,二,4
1728,手,4
1729,发,4
1730,挥,4
1731,票,4
1732,烧,4
1733,法,4
1734,官,4
1735,律,4
1736,院,4
1737,翻,4
1738,译,4
1739,烦,4
1740,反,4
1741,映,4
1742,放,4
1743,松,4
1744,非,4
1745,肥,4
1746,散,4
1747,为,4
1748,之,4
1749,纷,4
1750,奋,4
1751,斗,4
1752,风,4
1753,格,4
1754,俗,4
1755,封,4
1756,否,4
1757,则,4
1758,夫,4
1759,妇,4
1760,妻,4
1761,符,4
1762,号,4
1763,合,4
1764,负,4
1765,附,4
1766,近,4
1767,复,4
1768,制,4
1769,改,4
1770,善,4
1771,正,4
1772,盖,4
1773,概,4
1774,感,4
1775,兴,4
1776,趣,4
1777,高,4
1778,价,4
1779,尚,4
1780,铁,4
1781,隔,4
1782,开,4
1783,个,4
1784,体,4
1785,各,4
1786,根,4
1787,据,4
1788,工,4
1789,公,4
1790,元,4
1791,供,4
1792,应,4
1793,共,4
1794,构,4
1795,造,4
1796,购,4
1797,买,4
1798,物,4
1799,骨,4
1800,头,4
1801,固,4
1802,瓜,4
1803,怪,4
1804,副,4
1805,关,4
1806,临,4
1807,盘,4
1808,逛,4
1809,归,4
1810,果,4
1811,海,4
1812,鲜,4
1813,义,4
1814,有,4
1815,寒,4
1816,假,4
1817,冷,4
1818,航,4
1819,班,4
1820,空,4
1821,毫,4
1822,米,4
1823,升,4
1824,好,4
1825,友,4
1826,码,4
1827,同,4
1828,黑,4
1829,红,4
1830,后,4
1831,厚,4
1832,呼,4
1833,吸,4
1834,忽,4
1835,视,4
1836,花,4
1837,划,4
1838,怀,4
1839,念,4
1840,疑,4
1841,缓,4
1842,解,4
1843,黄,4
1844,金,4
1845,回,4
1846,报,4
1847,率,4
1848,婚,4
1849,礼,4
1850,火,4
1851,伙,4
1852,伴,4
1853,或,4
1854,许,4
1855,获,4
1856,取,4
1857,几,4
1858,积,4
1859,累,4
1860,烈,4
1861,及,4
1862,极,4
1863,其,4
1864,即,4
1865,将,4
1866,急,4
1867,忙,4
1868,集,4
1869,载,4
1870,纪,4
1871,技,4
1872,巧,4
1873,系,4
1874,节,4
1875,既,4
1876,寄,4
1877,加,4
1878,入,4
1879,油,4
1880,站,4
1881,家,4
1882,务,4
1883,如,4
1884,坚,4
1885,检,4
1886,减,4
1887,少,4
1888,简,4
1889,历,4
1890,健,4
1891,身,4
1892,渐,4
1893,江,4
1894,讲,4
1895,究,4
1896,座,4
1897,学,4
1898,降,4
1899,低,4
1900,落,4
1901,温,4
1902,交,4
1903,换,4
1904,际,4
1905,教,4
1906,授,4
1907,训,4
1908,阶,4
1909,段,4
1910,街,4
1911,道,4
1912,省,4
1913,结,4
1914,妹,4
1915,释,4
1916,尽,4
1917,快,4
1918,力,4
1919,禁,4
1920,止,4
1921,经,4
1922,精,4
1923,竟,4
1924,镜,4
1925,酒,4
1926,吧,4
1927,居,4
1928,民,4
1929,住,4
1930,局,4
1931,巨,4
1932,具,4
1933,备,4
1934,距,4
1935,离,4
1936,聚,4
1937,卷,4
1938,角,4
1939,看,4
1940,起,4
1941,来,4
1942,望,4
1943,察,4
1944,虑,4
1945,棵,4
1946,可,4
1947,见,4
1948,间,4
1949,语,4
1950,苦,4
1951,计,4
1952,递,4
1953,宽,4
1954,广,4
1955,矿,4
1956,泉,4
1957,扩,4
1958,展,4
1959,垃,4
1960,圾,4
1961,拉,4
1962,辣,4
1963,老,4
1964,婆,4
1965,乐,4
1966,泪,4
1967,类,4
1968,静,4
1969,厘,4
1970,气,4
1971,史,4
1972,利,4
1973,息,4
1974,益,4
1975,俩,4
1976,良,4
1977,粮,4
1978,食,4
1979,两,4
1980,边,4
1981,疗,4
1982,养,4
1983,了,4
1984,列,4
1985,零,4
1986,续,4
1987,师,4
1988,轮,4
1989,船,4
1990,椅,4
1991,文,4
1992,毛,4
1993,巾,4
1994,衣,4
1995,帽,4
1996,没,4
1997,错,4
1998,想,4
1999,美,4
2000,女,4
2001,梦,4
2002,秘,4
2003,书,4
2004,切,4
2005,费,4
2006,描,4
2007,述,4
2008,牌,4
2009,摸,4
2010,末,4
2011,哪,4
2012,怕,4
2013,男,4
2014,难,4
2015,脑,4
2016,闹,4
2017,钟,4
2018,内,4
2019,部,4
2020,能,4
2021,干,4
2022,宁,4
2023,浓,4
2024,暖,4
2025,拍,4
2026,照,4
2027,排,4
2028,胖,4
2029,培,4
2030,育,4
2031,批,4
2032,质,4
2033,平,4
2034,均,4
2035,稳,4
2036,破,4
2037,期,4
2038,限,4
2039,中,4
2040,余,4
2041,企,4
2042,球,4
2043,汽,4
2044,前,4
2045,浅,4
2046,克,4
2047,亲,4
2048,青,4
2049,轻,4
2050,易,4
2051,清,4
2052,醒,4
2053,穷,4
2054,秋,4
2055,趋,4
2056,势,4
2057,圈,4
2058,权,4
2059,却,4
2060,燃,4
2061,热,4
2062,日,4
2063,今,4
2064,弱,4
2065,伞,4
2066,彩,4
2067,森,4
2068,林,4
2069,晒,4
2070,闪,4
2071,伤,4
2072,害,4
2073,商,4
2074,赏,4
2075,月,4
2076,门,4
2077,设,4
2078,申,4
2079,请,4
2080,份,4
2081,深,4
2082,神,4
2083,话,4
2084,甚,4
2085,至,4
2086,失,4
2087,诗,4
2088,用,4
2089,堂,4
2090,劲,4
2091,市,4
2092,区,4
2093,似,4
2094,先,4
2095,收,4
2096,里,4
2097,术,4
2098,套,4
2099,首,4
2100,员,4
2101,叔,4
2102,舒,4
2103,适,4
2104,熟,4
2105,练,4
2106,暑,4
2107,树,4
2108,数,4
2109,刷,4
2110,牙,4
2111,帅,4
2112,睡,4
2113,着,4
2114,顺,4
2115,说,4
2116,服,4
2117,思,4
2118,塑,4
2119,酸,4
2120,奶,4
2121,随,4
2122,孙,4
2123,缩,4
2124,短,4
2125,躺,4
2126,餐,4
2127,殊,4
2128,征,4
2129,提,4
2130,天,4
2131,真,4
2132,填,4
2133,挑,4
2134,选,4
2135,皮,4
2136,战,4
2137,贴,4
2138,停,4
2139,挺,4
2140,通,4
2141,知,4
2142,一,4
2143,痛,4
2144,投,4
2145,诉,4
2146,资,4
2147,透,4
2148,明,4
2149,图,4
2150,土,4
2151,推,4
2152,袜,4
2153,弯,4
2154,晚,4
2155,万,4
2156,王,4
2157,网,4
2158,络,4
2159,微,4
2160,笑,4
2161,围,4
2162,维,4
2163,持,4
2164,修,4
2165,尾,4
2166,未,4
2167,必,4
2168,味,4
2169,喂,4
2170,问,4
2171,候,4
2172,无,4
2173,聊,4
2174,所,4
2175,谓,4
2176,五,4
2177,颜,4
2178,六,4
2179,误,4
2180,西,4
2181,引,4
2182,喜,4
2183,细,4
2184,夏,4
2185,咸,4
2186,显,4
2187,著,4
2188,县,4
2189,相,4
2190,象,4
2191,项,4
2192,目,4
2193,消,4
2194,化,4
2195,效,4
2196,些,4
2197,理,4
2198,新,4
2199,郎,4
2200,娘,4
2201,容,4
2202,性,4
2203,兄,4
2204,弟,4
2205,胸,4
2206,择,4
2207,寻,4
2208,找,4
2209,迅,4
2210,速,4
2211,亚,4
2212,运,4
2213,呀,4
2214,延,4
2215,严,4
2216,研,4
2217,盐,4
2218,眼,4
2219,演,4
2220,阳,4
2221,腰,4
2222,药,4
2223,连,4
2224,医,4
2225,依,4
2226,靠,4
2227,再,4
2228,移,4
2229,遗,4
2230,以,4
2231,般,4
2232,议,4
2233,英,4
2234,勇,4
2235,营,4
2236,赢,4
2237,影,4
2238,敢,4
2239,优,4
2240,秀,4
2241,邮,4
2242,幼,4
2243,园,4
2244,音,4
2245,玉,4
2246,预,4
2247,订,4
2248,原,4
2249,圆,4
2250,满,4
2251,约,4
2252,阅,4
2253,读,4
2254,三,4
2255,助,4
2256,胜,4
2257,争,4
2258,丈,4
2259,招,4
2260,召,4
2261,阵,4
2262,求,4
2263,政,4
2264,府,4
2265,治,4
2266,支,4
2267,植,4
2268,指,4
2269,智,4
2270,介,4
2271,逐,4
2272,主,4
2273,题,4
2274,祝,4
2275,福,4
2276,抓,4
2277,专,4
2278,转,4
2279,告,4
2280,装,4
2281,追,4
2282,准,4
2283,字,4
2284,母,4
2285,综,4
2286,总,4
2287,阻,4
2288,嘴,4
2289,最,4
2290,初,4
2291,做,4
2292,安,5
2293,慰,5
2294,岸,5
2295,上,5
2296,按,5
2297,摩,5
2298,拔,5
2299,白,5
2300,酒,5
2301,拜,5
2302,访,5
2303,版,5
2304,扮,5
2305,演,5
2306,棒,5
2307,包,5
2308,围,5
2309,装,5
2310,保,5
2311,卫,5
2312,养,5
2313,报,5
2314,答,5
2315,警,5
2316,抱,5
2317,怨,5
2318,背,5
2319,悲,5
2320,剧,5
2321,伤,5
2322,北,5
2323,极,5
2324,被,5
2325,动,5
2326,辈,5
2327,本,5
2328,人,5
2329,鼻,5
2330,子,5
2331,比,5
2332,方,5
2333,重,5
2334,彼,5
2335,此,5
2336,必,5
2337,需,5
2338,毕,5
2339,竟,5
2340,闭,5
2341,幕,5
2342,式,5
2343,边,5
2344,境,5
2345,编,5
2346,辑,5
2347,变,5
2348,便,5
2349,利,5
2350,条,5
2351,于,5
2352,宾,5
2353,馆,5
2354,饼,5
2355,干,5
2356,病,5
2357,毒,5
2358,玻,5
2359,璃,5
2360,博,5
2361,客,5
2362,览,5
2363,会,5
2364,士,5
2365,物,5
2366,薄,5
2367,弱,5
2368,不,5
2369,顾,5
2370,耐,5
2371,烦,5
2372,幸,5
2373,易,5
2374,补,5
2375,偿,5
2376,贴,5
2377,曾,5
2378,得,5
2379,了,5
2380,敢,5
2381,当,5
2382,良,5
2383,免,5
2384,能,5
2385,时,5
2386,停,5
2387,许,5
2388,止,5
2389,足,5
2390,部,5
2391,位,5
2392,猜,5
2393,测,5
2394,裁,5
2395,判,5
2396,采,5
2397,购,5
2398,彩,5
2399,票,5
2400,餐,5
2401,厅,5
2402,饮,5
2403,草,5
2404,原,5
2405,册,5
2406,层,5
2407,次,5
2408,叉,5
2409,差,5
2410,别,5
2411,距,5
2412,插,5
2413,查,5
2414,询,5
2415,一,5
2416,点,5
2417,儿,5
2418,拆,5
2419,除,5
2420,产,5
2421,业,5
2422,长,5
2423,度,5
2424,寿,5
2425,肠,5
2426,尝,5
2427,试,5
2428,厂,5
2429,场,5
2430,面,5
2431,倡,5
2432,导,5
2433,超,5
2434,越,5
2435,车,5
2436,主,5
2437,称,5
2438,号,5
2439,成,5
2440,交,5
2441,效,5
2442,语,5
2443,承,5
2444,办,5
2445,城,5
2446,里,5
2447,乘,5
2448,坐,5
2449,吃,5
2450,力,5
2451,池,5
2452,迟,5
2453,冲,5
2454,突,5
2455,充,5
2456,愁,5
2457,丑,5
2458,臭,5
2459,出,5
2460,汗,5
2461,初,5
2462,期,5
2463,非,5
2464,夕,5
2465,厨,5
2466,房,5
2467,处,5
2468,罚,5
2469,分,5
2470,在,5
2471,传,5
2472,达,5
2473,递,5
2474,真,5
2475,窗,5
2476,帘,5
2477,闯,5
2478,创,5
2479,立,5
2480,辞,5
2481,典,5
2482,职,5
2483,后,5
2484,刻,5
2485,聪,5
2486,明,5
2487,从,5
2488,而,5
2489,中,5
2490,脆,5
2491,存,5
2492,款,5
2493,寸,5
2494,复,5
2495,打,5
2496,介,5
2497,击,5
2498,架,5
2499,扰,5
2500,大,5
2501,胆,5
2502,都,5
2503,纲,5
2504,伙,5
2505,奖,5
2506,赛,5
2507,脑,5
2508,事,5
2509,象,5
2510,熊,5
2511,猫,5
2512,致,5
2513,呆,5
2514,待,5
2515,代,5
2516,价,5
2517,理,5
2518,带,5
2519,有,5
2520,贷,5
2521,单,5
2522,小,5
2523,蛋,5
2524,糕,5
2525,年,5
2526,前,5
2527,选,5
2528,挡,5
2529,到,5
2530,来,5
2531,倒,5
2532,是,5
2533,道,5
2534,德,5
2535,以,5
2536,等,5
2537,候,5
2538,级,5
2539,低,5
2540,地,5
2541,形,5
2542,震,5
2543,给,5
2544,礼,5
2545,燃,5
2546,电,5
2547,饭,5
2548,锅,5
2549,调,5
2550,丢,5
2551,机,5
2552,手,5
2553,态,5
2554,员,5
2555,冻,5
2556,洞,5
2557,豆,5
2558,制,5
2559,品,5
2560,堆,5
2561,对,5
2562,应,5
2563,吨,5
2564,朵,5
2565,躲,5
2566,女,5
2567,耳,5
2568,二,5
2569,维,5
2570,码,5
2571,发,5
2572,布,5
2573,觉,5
2574,射,5
2575,行,5
2576,法,5
2577,规,5
2578,繁,5
2579,荣,5
2580,返,5
2581,回,5
2582,防,5
2583,治,5
2584,放,5
2585,弃,5
2586,解,5
2587,类,5
2588,离,5
2589,析,5
2590,享,5
2591,丰,5
2592,收,5
2593,风,5
2594,光,5
2595,封,5
2596,疯,5
2597,狂,5
2598,扶,5
2599,服,5
2600,幅,5
2601,福,5
2602,辅,5
2603,助,5
2604,负,5
2605,责,5
2606,附,5
2607,件,5
2608,改,5
2609,革,5
2610,预,5
2611,感,5
2612,想,5
2613,钢,5
2614,笔,5
2615,琴,5
2616,高,5
2617,跟,5
2618,鞋,5
2619,温,5
2620,搞,5
2621,好,5
2622,歌,5
2623,曲,5
2624,隔,5
2625,壁,5
2626,个,5
2627,随,5
2628,更,5
2629,换,5
2630,新,5
2631,工,5
2632,艺,5
2633,作,5
2634,日,5
2635,公,5
2636,告,5
2637,认,5
2638,正,5
2639,共,5
2640,计,5
2641,沟,5
2642,通,5
2643,估,5
2644,古,5
2645,老,5
2646,鼓,5
2647,励,5
2648,掌,5
2649,问,5
2650,怪,5
2651,关,5
2652,怀,5
2653,键,5
2654,冠,5
2655,军,5
2656,线,5
2657,广,5
2658,泛,5
2659,划,5
2660,鬼,5
2661,柜,5
2662,滚,5
2663,国,5
2664,籍,5
2665,民,5
2666,过,5
2667,敏,5
2668,害,5
2669,运,5
2670,召,5
2671,合,5
2672,并,5
2673,盒,5
2674,贺,5
2675,卡,5
2676,恨,5
2677,猴,5
2678,悔,5
2679,胡,5
2680,同,5
2681,虎,5
2682,华,5
2683,滑,5
2684,化,5
2685,石,5
2686,画,5
2687,环,5
2688,节,5
2689,慌,5
2690,忙,5
2691,灰,5
2692,色,5
2693,恢,5
2694,避,5
2695,头,5
2696,信,5
2697,忆,5
2698,汇,5
2699,谈,5
2700,活,5
2701,泼,5
2702,火,5
2703,柴,5
2704,腿,5
2705,灾,5
2706,或,5
2707,器,5
2708,肌,5
2709,肉,5
2710,基,5
2711,金,5
2712,即,5
2713,使,5
2714,集,5
2715,团,5
2716,挤,5
2717,记,5
2718,技,5
2719,继,5
2720,加,5
2721,热,5
2722,速,5
2723,夹,5
2724,甲,5
2725,驾,5
2726,驶,5
2727,照,5
2728,坚,5
2729,定,5
2730,肩,5
2731,艰,5
2732,苦,5
2733,难,5
2734,检,5
2735,验,5
2736,减,5
2737,轻,5
2738,剪,5
2739,刀,5
2740,间,5
2741,接,5
2742,建,5
2743,造,5
2744,筑,5
2745,健,5
2746,全,5
2747,盘,5
2748,将,5
2749,要,5
2750,郊,5
2751,区,5
2752,胶,5
2753,水,5
2754,脚,5
2755,步,5
2756,触,5
2757,连,5
2758,戒,5
2759,届,5
2760,今,5
2761,尽,5
2762,管,5
2763,紧,5
2764,可,5
2765,进,5
2766,近,5
2767,经,5
2768,费,5
2769,景,5
2770,竞,5
2771,争,5
2772,救,5
2773,居,5
2774,然,5
2775,局,5
2776,举,5
2777,拒,5
2778,绝,5
2779,俱,5
2780,乐,5
2781,决,5
2782,望,5
2783,开,5
2784,看,5
2785,考,5
2786,核,5
2787,烤,5
2788,鸭,5
2789,靠,5
2790,颗,5
2791,咳,5
2792,怜,5
2793,惜,5
2794,渴,5
2795,户,5
2796,气,5
2797,课,5
2798,题,5
2799,肯,5
2800,空,5
2801,控,5
2802,口,5
2803,库,5
2804,快,5
2805,宽,5
2806,亏,5
2807,困,5
2808,落,5
2809,烂,5
2810,朗,5
2811,读,5
2812,浪,5
2813,漫,5
2814,劳,5
2815,梨,5
2816,貌,5
2817,厉,5
2818,润,5
2819,例,5
2820,外,5
2821,联,5
2822,络,5
2823,脸,5
2824,盆,5
2825,恋,5
2826,爱,5
2827,两,5
2828,邻,5
2829,铃,5
2830,声,5
2831,领,5
2832,令,5
2833,流,5
2834,漏,5
2835,逻,5
2836,实,5
2837,骂,5
2838,买,5
2839,卖,5
2840,毛,5
2841,矛,5
2842,盾,5
2843,冒,5
2844,贸,5
2845,煤,5
2846,门,5
2847,诊,5
2848,迷,5
2849,秒,5
2850,亮,5
2851,命,5
2852,模,5
2853,范,5
2854,仿,5
2855,糊,5
2856,擦,5
2857,托,5
2858,样,5
2859,目,5
2860,心,5
2861,男,5
2862,性,5
2863,南,5
2864,内,5
2865,量,5
2866,龄,5
2867,牛,5
2868,仔,5
2869,裤,5
2870,农,5
2871,暖,5
2872,偶,5
2873,尔,5
2874,像,5
2875,拍,5
2876,摄,5
2877,排,5
2878,旁,5
2879,陪,5
2880,赔,5
2881,配,5
2882,备,5
2883,套,5
2884,喷,5
2885,披,5
2886,皮,5
2887,肤,5
2888,脾,5
2889,匹,5
2890,骗,5
2891,拼,5
2892,频,5
2893,种,5
2894,平,5
2895,坦,5
2896,评,5
2897,论,5
2898,凭,5
2899,葡,5
2900,萄,5
2901,齐,5
2902,其,5
2903,启,5
2904,起,5
2905,体,5
2906,签,5
2907,订,5
2908,名,5
2909,约,5
2910,证,5
2911,字,5
2912,提,5
2913,欠,5
2914,枪,5
2915,强,5
2916,墙,5
2917,抢,5
2918,迫,5
2919,悄,5
2920,敲,5
2921,瞧,5
2922,勤,5
2923,奋,5
2924,青,5
2925,清,5
2926,晨,5
2927,情,5
2928,晴,5
2929,域,5
2930,世,5
2931,界,5
2932,泉,5
2933,劝,5
2934,缺,5
2935,乏,5
2936,确,5
2937,群,5
2938,众,5
2939,染,5
2940,绕,5
2941,忍,5
2942,住,5
2943,受,5
2944,扔,5
2945,仍,5
2946,旧,5
2947,如,5
2948,下,5
2949,入,5
2950,软,5
2951,洒,5
2952,散,5
2953,文,5
2954,杀,5
2955,沙,5
2956,漠,5
2957,傻,5
2958,山,5
2959,扇,5
2960,商,5
2961,标,5
2962,涨,5
2963,稍,5
2964,微,5
2965,蛇,5
2966,舍,5
2967,设,5
2968,社,5
2969,影,5
2970,师,5
2971,伸,5
2972,深,5
2973,神,5
2974,奇,5
2975,升,5
2976,生,5
2977,胜,5
2978,剩,5
2979,失,5
2980,误,5
2981,傅,5
2982,诗,5
2983,十,5
2984,常,5
2985,惠,5
2986,拾,5
2987,示,5
2988,势,5
2989,图,5
2990,视,5
2991,为,5
2992,段,5
2993,司,5
2994,瘦,5
2995,书,5
2996,桌,5
2997,输,5
2998,蔬,5
2999,菜,5
3000,熟,5
3001,悉,5
3002,鼠,5
3003,数,5
3004,摔,5
3005,率,5
3006,双,5
3007,睡,5
3008,眠,5
3009,说,5
3010,硕,5
3011,私,5
3012,思,5
3013,四,5
3014,周,5
3015,搜,5
3016,索,5
3017,宿,5
3018,酸,5
3019,甜,5
3020,辣,5
3021,意,5
3022,着,5
3023,岁,5
3024,月,5
3025,碎,5
3026,损,5
3027,所,5
3028,锁,5
3029,台,5
3030,抬,5
3031,太,5
3032,弹,5
3033,逃,5
3034,跑,5
3035,走,5
3036,桃,5
3037,花,5
3038,树,5
3039,讨,5
3040,厌,5
3041,特,5
3042,材,5
3043,积,5
3044,天,5
3045,才,5
3046,留,5
3047,用,5
3048,偷,5
3049,破,5
3050,土,5
3051,吐,5
3052,兔,5
3053,推,5
3054,脱,5
3055,完,5
3056,违,5
3057,反,5
3058,唯,5
3059,委,5
3060,星,5
3061,胃,5
3062,和,5
3063,卧,5
3064,室,5
3065,握,5
3066,污,5
3067,屋,5
3068,无,5
3069,奈,5
3070,疑,5
3071,舞,5
3072,质,5
3073,西,5
3074,红,5
3075,柿,5
3076,喜,5
3077,戏,5
3078,吓,5
3079,先,5
3080,鲜,5
3081,艳,5
3082,闲,5
3083,显,5
3084,现,5
3085,状,5
3086,献,5
3087,乡,5
3088,村,5
3089,相,5
3090,香,5
3091,详,5
3092,细,5
3093,向,5
3094,征,5
3095,消,5
3096,者,5
3097,歇,5
3098,协,5
3099,议,5
3100,斜,5
3101,疼,5
3102,辛,5
3103,欣,5
3104,赏,5
3105,念,5
3106,箱,5
3107,雄,5
3108,伟,5
3109,休,5
3110,修,5
3111,虚,5
3112,学,5
3113,科,5
3114,寻,5
3115,求,5
3116,押,5
3117,亚,5
3118,延,5
3119,严,5
3120,肃,5
3121,言,5
3122,研,5
3123,究,5
3124,眼,5
3125,邀,5
3126,请,5
3127,摇,5
3128,咬,5
3129,也,5
3130,务,5
3131,夜,5
3132,依,5
3133,据,5
3134,旦,5
3135,句,5
3136,话,5
3137,路,5
3138,副,5
3139,乙,5
3140,往,5
3141,身,5
3142,识,5
3143,味,5
3144,志,5
3145,因,5
3146,料,5
3147,食,5
3148,印,5
3149,刷,5
3150,硬,5
3151,拥,5
3152,优,5
3153,幽,5
3154,默,5
3155,尤,5
3156,由,5
3157,犹,5
3158,豫,5
3159,游,5
3160,泳,5
3161,友,5
3162,谊,5
3163,羽,5
3164,球,5
3165,绒,5
3166,雨,5
3167,元,5
3168,园,5
3169,林,5
3170,始,5
3171,远,5
3172,愿,5
3173,束,5
3174,阅,5
3175,再,5
3176,暂,5
3177,糟,5
3178,早,5
3179,增,5
3180,多,5
3181,赠,5
3182,送,5
3183,摘,5
3184,展,5
3185,占,5
3186,招,5
3187,珍,5
3188,贵,5
3189,珠,5
3190,诚,5
3191,断,5
3192,振,5
3193,惊,5
3194,义,5
3195,挣,5
3196,钱,5
3197,之,5
3198,支,5
3199,执,5
3200,直,5
3201,值,5
3202,班,5
3203,只,5
3204,见,5
3205,指,5
3206,至,5
3207,秋,5
3208,央,5
3209,药,5
3210,终,5
3211,竹,5
3212,观,5
3213,注,5
3214,祝,5
3215,专,5
3216,转,5
3217,让,5
3218,饰,5
3219,撞,5
3220,资,5
3221,紫,5
3222,自,5
3223,豪,5
3224,总,5
3225,算,5
3226,阻,5
3227,碍,5
3228,组,5
3229,织,5
3230,醉,5
3231,尊,5
3232,敬,5
3233,遵,5
3234,守,5
3235,挨,6
3236,着,6
3237,打,6
3238,安,6
3239,检,6
3240,罢,6
3241,工,6
3242,了,6
3243,白,6
3244,领,6
3245,百,6
3246,分,6
3247,点,6
3248,办,6
3249,公,6
3250,事,6
3251,处,6
3252,学,6
3253,半,6
3254,决,6
3255,赛,6
3256,傍,6
3257,晚,6
3258,保,6
3259,健,6
3260,报,6
3261,刊,6
3262,考,6
3263,抱,6
3264,歉,6
3265,暴,6
3266,风,6
3267,雨,6
3268,力,6
3269,露,6
3270,爆,6
3271,发,6
3272,炸,6
3273,悲,6
3274,惨,6
3275,背,6
3276,心,6
3277,被,6
3278,告,6
3279,奔,6
3280,跑,6
3281,本,6
3282,代,6
3283, ,6
3284,副,6
3285,地,6
3286,期,6
3287,身,6
3288,土,6
3289,质,6
3290,逼,6
3291,笔,6
3292,试,6
3293,必,6
3294,将,6
3295,修,6
3296,闭,6
3297,边,6
3298,缘,6
3299,编,6
3300,制,6
3301,扁,6
3302,变,6
3303,更,6
3304,换,6
3305,形,6
3306,便,6
3307,是,6
3308,遍,6
3309,表,6
3310,面,6
3311,上,6
3312,病,6
3313,房,6
3314,情,6
3315,拨,6
3316,波,6
3317,动,6
3318,浪,6
3319,播,6
3320,不,6
3321,见,6
3322,料,6
3323,再,6
3324,至,6
3325,于,6
3326,补,6
3327,课,6
3328,习,6
3329,助,6
3330,捕,6
3331,成,6
3332,禁,6
3333,仅,6
3334,通,6
3335,怎,6
3336,么,6
3337,样,6
3338,值,6
3339,布,6
3340,满,6
3341,部,6
3342,队,6
3343,采,6
3344,纳,6
3345,踩,6
3346,参,6
3347,展,6
3348,餐,6
3349,残,6
3350,疾,6
3351,人,6
3352,酷,6
3353,仓,6
3354,库,6
3355,藏,6
3356,操,6
3357,纵,6
3358,厕,6
3359,所,6
3360,侧,6
3361,测,6
3362,定,6
3363,策,6
3364,划,6
3365,略,6
3366,层,6
3367,差,6
3368,异,6
3369,查,6
3370,出,6
3371,看,6
3372,拆,6
3373,迁,6
3374,产,6
3375,量,6
3376,昌,6
3377,盛,6
3378,长,6
3379,短,6
3380,假,6
3381,久,6
3382,远,6
3383,常,6
3384,规,6
3385,年,6
3386,厂,6
3387,商,6
3388,场,6
3389,馆,6
3390,景,6
3391,畅,6
3392,超,6
3393,炒,6
3394,股,6
3395,作,6
3396,车,6
3397,号,6
3398,牌,6
3399,撤,6
3400,离,6
3401,销,6
3402,撑,6
3403,品,6
3404,承,6
3405,诺,6
3406,城,6
3407,区,6
3408,乡,6
3409,镇,6
3410,持,6
3411,有,6
3412,冲,6
3413,击,6
3414,重,6
3415,建,6
3416,组,6
3417,崇,6
3418,拜,6
3419,宠,6
3420,物,6
3421,访,6
3422,路,6
3423,名,6
3424,入,6
3425,台,6
3426,行,6
3427,初,6
3428,等,6
3429,除,6
3430,厨,6
3431,师,6
3432,储,6
3433,存,6
3434,传,6
3435,媒,6
3436,输,6
3437,言,6
3438,船,6
3439,员,6
3440,只,6
3441,串,6
3442,窗,6
3443,口,6
3444,创,6
3445,意,6
3446,此,6
3447,次,6
3448,前,6
3449,致,6
3450,数,6
3451,从,6
3452,没,6
3453,醋,6
3454,村,6
3455,庄,6
3456,错,6
3457,过,6
3458,搭,6
3459,档,6
3460,配,6
3461,断,6
3462,官,6
3463,司,6
3464,印,6
3465,机,6
3466,造,6
3467,大,6
3468,道,6
3469,街,6
3470,米,6
3471,批,6
3472,使,6
3473,待,6
3474,会,6
3475,儿,6
3476,担,6
3477,忧,6
3478,单,6
3479,诞,6
3480,生,6
3481,党,6
3482,当,6
3483,天,6
3484,案,6
3485,岛,6
3486,到,6
3487,盗,6
3488,版,6
3489,教,6
3490,低,6
3491,头,6
3492,温,6
3493,滴,6
3494,抵,6
3495,达,6
3496,抗,6
3497,板,6
3498,下,6
3499,室,6
3500,电,6
3501,器,6
3502,吊,6
3503,调,6
3504,研,6
3505,跌,6
3506,价,6
3507,时,6
3508,位,6
3509,画,6
3510,斗,6
3511,争,6
3512,都,6
3513,市,6
3514,毒,6
3515,赌,6
3516,博,6
3517,渡,6
3518,端,6
3519,午,6
3520,节,6
3521,片,6
3522,伍,6
3523,对,6
3524,外,6
3525,蹲,6
3526,多,6
3527,方,6
3528,体,6
3529,夺,6
3530,取,6
3531,恩,6
3532,科,6
3533,放,6
3534,怒,6
3535,起,6
3536,炎,6
3537,法,6
3538,庭,6
3539,语,6
3540,番,6
3541,茄,6
3542,凡,6
3543,繁,6
3544,殖,6
3545,反,6
3546,问,6
3547,响,6
3548,犯,6
3549,罪,6
3550,防,6
3551,范,6
3552,守,6
3553,仿,6
3554,佛,6
3555,飞,6
3556,肺,6
3557,裂,6
3558,愤,6
3559,峰,6
3560,奉,6
3561,献,6
3562,服,6
3563,浮,6
3564,父,6
3565,女,6
3566,子,6
3567,负,6
3568,妇,6
3569,复,6
3570,苏,6
3571,富,6
3572,改,6
3573,装,6
3574,干,6
3575,涉,6
3576,肝,6
3577,杆,6
3578,赶,6
3579,忙,6
3580,敢,6
3581,感,6
3582,刚,6
3583,好,6
3584,岗,6
3585,港,6
3586,高,6
3587,技,6
3588,手,6
3589,稿,6
3590,歌,6
3591,唱,6
3592,词,6
3593,星,6
3594,革,6
3595,新,6
3596,鸡,6
3597,众,6
3598,主,6
3599,攻,6
3600,供,6
3601,给,6
3602,宫,6
3603,巩,6
3604,固,6
3605,贡,6
3606,构,6
3607,孤,6
3608,独,6
3609,姑,6
3610,古,6
3611,典,6
3612,东,6
3613,票,6
3614,故,6
3615,障,6
3616,顾,6
3617,刮,6
3618,拐,6
3619,关,6
3620,爱,6
3621,联,6
3622,观,6
3623,光,6
3624,管,6
3625,辉,6
3626,广,6
3627,阔,6
3628,轨,6
3629,跪,6
3630,国,6
3631,旗,6
3632,王,6
3633,果,6
3634,酱,6
3635,树,6
3636,后,6
3637,海,6
3638,底,6
3639,军,6
3640,湾,6
3641,洋,6
3642,容,6
3643,易,6
3644,似,6
3645,转,6
3646,合,6
3647,约,6
3648,和,6
3649,谐,6
3650,核,6
3651,黑,6
3652,夜,6
3653,很,6
3654,难,6
3655,说,6
3656,狠,6
3657,横,6
3658,衡,6
3659,宏,6
3660,洪,6
3661,水,6
3662,忽,6
3663,壶,6
3664,互,6
3665,户,6
3666,护,6
3667,花,6
3668,费,6
3669,瓶,6
3670,化,6
3671,解,6
3672,幻,6
3673,想,6
3674,患,6
3675,者,6
3676,皇,6
3677,帝,6
3678,回,6
3679,应,6
3680,毁,6
3681,绘,6
3682,昏,6
3683,混,6
3684,乱,6
3685,活,6
3686,跃,6
3687,火,6
3688,箭,6
3689,械,6
3690,基,6
3691,督,6
3692,激,6
3693,吉,6
3694,利,6
3695,祥,6
3696,极,6
3697,急,6
3698,救,6
3699,集,6
3700,予,6
3701,加,6
3702,盟,6
3703,家,6
3704,园,6
3705,嘉,6
3706,宾,6
3707,日,6
3708,尖,6
3709,监,6
3710,捡,6
3711,简,6
3712,介,6
3713,剑,6
3714,鉴,6
3715,讲,6
3716,油,6
3717,骄,6
3718,傲,6
3719,焦,6
3720,脚,6
3721,觉,6
3722,堂,6
3723,育,6
3724,接,6
3725,收,6
3726,揭,6
3727,能,6
3728,奏,6
3729,杰,6
3730,截,6
3731,止,6
3732,界,6
3733,文,6
3734,艺,6
3735,借,6
3736,金,6
3737,额,6
3738,钱,6
3739,融,6
3740,尽,6
3741,进,6
3742,近,6
3743,视,6
3744,惊,6
3745,喜,6
3746,精,6
3747,美,6
3748,井,6
3749,净,6
3750,纠,6
3751,纷,6
3752,正,6
3753,酒,6
3754,命,6
3755,援,6
3756,就,6
3757,算,6
3758,局,6
3759,剧,6
3760,据,6
3761,捐,6
3762,款,6
3763,赠,6
3764,悟,6
3765,绝,6
3766,舰,6
3767,开,6
3768,设,6
3769,得,6
3770,康,6
3771,议,6
3772,题,6
3773,客,6
3774,肯,6
3775,空,6
3776,扣,6
3777,跨,6
3778,快,6
3779,宽,6
3780,矿,6
3781,啦,6
3782,来,6
3783,往,6
3784,赖,6
3785,栏,6
3786,目,6
3787,蓝,6
3788,懒,6
3789,牢,6
3790,老,6
3791,冷,6
3792,气,6
3793,礼,6
3794,理,6
3795,财,6
3796,智,6
3797,影,6
3798,凉,6
3799,鞋,6
3800,两,6
3801,聊,6
3802,灵,6
3803,袖,6
3804,另,6
3805,留,6
3806,流,6
3807,楼,6
3808,陆,6
3809,录,6
3810,像,6
3811,音,6
3812,旅,6
3813,店,6
3814,绿,6
3815,马,6
3816,嘛,6
3817,埋,6
3818,馒,6
3819,慢,6
3820,盲,6
3821,梅,6
3822,蒙,6
3823,猛,6
3824,棉,6
3825,免,6
3826,向,6
3827,妙,6
3828,灭,6
3829,民,6
3830,警,6
3831,胜,6
3832,义,6
3833,誉,6
3834,明,6
3835,膜,6
3836,磨,6
3837,墨,6
3838,母,6
3839,墓,6
3840,拿,6
3841,走,6
3842,奶,6
3843,粉,6
3844,牛,6
3845,忘,6
3846,内,6
3847,衣,6
3848,否,6
3849,泥,6
3850,扭,6
3851,排,6
3852,榜,6
3853,派,6
3854,判,6
3855,盼,6
3856,望,6
3857,泡,6
3858,炮,6
3859,陪,6
3860,同,6
3861,置,6
3862,皮,6
3863,球,6
3864,偏,6
3865,贫,6
3866,困,6
3867,聘,6
3868,请,6
3869,平,6
3870,评,6
3871,选,6
3872,屏,6
3873,幕,6
3874,坡,6
3875,扑,6
3876,铺,6
3877,欺,6
3878,奇,6
3879,企,6
3880,图,6
3881,诉,6
3882,氛,6
3883,恰,6
3884,牵,6
3885,铅,6
3886,谦,6
3887,虚,6
3888,潜,6
3889,强,6
3890,势,6
3891,壮,6
3892,桥,6
3893,梁,6
3894,巧,6
3895,切,6
3896,实,6
3897,侵,6
3898,亲,6
3899,属,6
3900,眼,6
3901,倾,6
3902,清,6
3903,洁,6
3904,洗,6
3905,绪,6
3906,求,6
3907,职,6
3908,拍,6
3909,渠,6
3910,去,6
3911,掉,6
3912,权,6
3913,全,6
3914,券,6
3915,缺,6
3916,陷,6
3917,却,6
3918,让,6
3919,座,6
3920,热,6
3921,线,6
3922,认,6
3923,如,6
3924,一,6
3925,乳,6
3926,若,6
3927,塞,6
3928,三,6
3929,治,6
3930,丧,6
3931,失,6
3932,山,6
3933,谷,6
3934,伤,6
3935,亡,6
3936,演,6
3937,勺,6
3938,少,6
3939,舌,6
3940,计,6
3941,及,6
3942,深,6
3943,审,6
3944,升,6
3945,级,6
3946,省,6
3947,圣,6
3948,而,6
3949,识,6
3950,字,6
3951,践,6
3952,食,6
3953,欲,6
3954,适,6
3955,养,6
3956,续,6
3957,首,6
3958,脑,6
3959,席,6
3960,相,6
3961,书,6
3962,薯,6
3963,条,6
3964,双,6
3965,爽,6
3966,税,6
3967,顺,6
3968,话,6
3969,死,6
3970,四,6
3971,寺,6
3972,送,6
3973,素,6
3974,虽,6
3975,岁,6
3976,踏,6
3977,塔,6
3978,灯,6
3979,太,6
3980,阳,6
3981,叹,6
3982,探,6
3983,索,6
3984,讨,6
3985,趟,6
3986,掏,6
3987,特,6
3988,疼,6
3989,痛,6
3990,踢,6
3991,提,6
3992,交,6
3993,然,6
3994,添,6
3995,田,6
3996,径,6
3997,跳,6
3998,听,6
3999,红,6
4000,讯,6
4001,胞,6
4002,铜,6
4003,投,6
4004,透,6
4005,徒,6
4006,弟,6
4007,途,6
4008,团,6
4009,推,6
4010,退,6
4011,吞,6
4012,托,6
4013,拖,6
4014,挖,6
4015,娃,6
4016,哇,6
4017,币,6
4018,资,6
4019,弯,6
4020,曲,6
4021,顽,6
4022,网,6
4023,吧,6
4024,页,6
4025,危,6
4026,威,6
4027,胁,6
4028,微,6
4029,炉,6
4030,维,6
4031,为,6
4032,何,6
4033,娱,6
4034,卧,6
4035,乌,6
4036,云,6
4037,无,6
4038,效,6
4039,舞,6
4040,蹈,6
4041,误,6
4042,西,6
4043,班,6
4044,牙,6
4045,吸,6
4046,牺,6
4047,牲,6
4048,戏,6
4049,细,6
4050,菌,6
4051,先,6
4052,锋,6
4053,嫌,6
4054,显,6
4055,险,6
4056,声,6
4057,消,6
4058,耗,6
4059,小,6
4060,麦,6
4061,晓,6
4062,笑,6
4063,脸,6
4064,协,6
4065,写,6
4066,愿,6
4067,脏,6
4068,兴,6
4069,薪,6
4070,信,6
4071,仰,6
4072,用,6
4073,旺,6
4074,程,6
4075,凶,6
4076,珍,6
4077,悬,6
4078,旋,6
4079,拔,6
4080,举,6
4081,血,6
4082,液,6
4083,循,6
4084,环,6
4085,压,6
4086,迫,6
4087,烟,6
4088,沿,6
4089,宴,6
4090,氧,6
4091,药,6
4092,要,6
4093,野,6
4094,医,6
4095,依,6
4096,性,6
4097,贯,6
4098,仪,6
4099,式,6
4100,遗,6
4101,憾,6
4102,模,6
4103,齐,6
4104,因,6
4105,阴,6
4106,谋,6
4107,隐,6
4108,私,6
4109,英,6
4110,雄,6
4111,迎,6
4112,迷,6
4113,优,6
4114,游,6
4115,玩,6
4116,乐,6
4117,愉,6
4118,与,6
4119,宇,6
4120,航,6
4121,预,6
4122,元,6
4123,原,6
4124,谅,6
4125,圆,6
4126,珠,6
4127,晕,6
4128,允,6
4129,许,6
4130,运,6
4131,杂,6
4132,遭,6
4133,受,6
4134,遇,6
4135,早,6
4136,增,6
4137,扎,6
4138,弹,6
4139,债,6
4140,占,6
4141,战,6
4142,术,6
4143,友,6
4144,站,6
4145,章,6
4146,秘,6
4147,掌,6
4148,账,6
4149,涨,6
4150,碍,6
4151,招,6
4152,照,6
4153,耀,6
4154,哲,6
4155,这,6
4156,整,6
4157,顿,6
4158,政,6
4159,症,6
4160,状,6
4161,之,6
4162,类,6
4163,支,6
4164,枝,6
4165,知,6
4166,织,6
4167,直,6
4168,责,6
4169,指,6
4170,慧,6
4171,中,6
4172,华,6
4173,忠,6
4174,钟,6
4175,肿,6
4176,种,6
4177,粥,6
4178,宝,6
4179,诸,6
4180,角,6
4181,煮,6
4182,住,6
4183,宅,6
4184,驻,6
4185,柱,6
4186,祝,6
4187,专,6
4188,赚,6
4189,备,6
4190,追,6
4191,究,6
4192,捉,6
4193,咨,6
4194,询,6
4195,自,6
4196,我,6
4197,在,6
4198,宗,6
4199,总,6
4200,经,6
4201,租,6
4202,足,6
4203,以,6
4204,族,6
4205,祖,6
4206,钻,6
4207,最,6
4208,佳,6
4209,终,6
4210,恶,6
4211,废,6
4212,谈,6
